clockTime	tick	w	a	s	d	mouse_x	mouse_y	is_fire	is_scope	is_jump	is_crouch	is_walking	is_reload	is_e	switch
0	0	0	0	0	0	22	28	0	0	0	0	0	0	0	0
0	0	0	0	0	0	22	28	0	0	0	0	0	0	0	0
0	0	0	0	0	0	22	28	0	0	0	0	0	0	0	0
0	0	0	0	0	0	22	28	0	0	0	0	0	0	0	0
0	0	0	0	0	0	22	28	0	0	0	0	0	0	0	0
0	0	0	0	0	0	22	28	0	0	0	0	0	0	0	0
0	0	0	0	0	0	22	28	0	0	0	0	0	0	0	0
0	0	0	0	0	0	22	28	0	0	0	0	0	0	0	0
0	0	0	0	0	0	22	28	0	0	0	0	0	0	0	0
0	0	0	0	0	0	22	28	0	0	0	0	0	0	0	0
0	0	0	0	0	0	22	28	0	0	0	0	0	0	0	0
0	0	0	0	0	0	22	28	0	0	0	0	0	0	0	0
0	0	0	0	0	0	22	28	0	0	0	0	0	0	0	0
0	0	0	0	0	0	22	28	0	0	0	0	0	0	0	0
0	0	0	0	0	0	22	28	0	0	0	0	0	0	0	0
0	0	0	0	0	0	22	29	0	0	0	0	0	0	0	0
0	0	0	0	0	0	22	28	0	0	0	0	0	0	0	0
0	0	0	0	0	0	22	28	1	0	0	0	0	0	0	0
0	0	0	0	0	0	22	32	0	0	0	0	0	0	0	0
0	0	0	0	0	0	22	28	0	0	0	0	0	0	0	0
0	0	0	0	0	0	22	28	0	0	0	0	0	0	0	0
0	0	0	0	0	0	22	19	0	0	0	0	0	0	0	0
0	0	0	0	0	0	22	27	0	0	0	0	0	0	0	0
0	0	0	0	0	0	22	28	1	0	0	0	0	0	0	0
0	0	0	0	0	0	22	27	0	0	0	0	0	0	0	0
0	0	0	0	0	0	22	24	0	0	0	0	0	0	0	0
0	0	0	0	0	0	22	28	0	0	0	0	0	0	0	0
0	0	0	0	0	0	22	28	0	0	0	0	0	0	0	0
0	0	0	0	0	0	22	28	0	0	0	0	0	0	0	0
0	0	0	0	0	0	22	28	0	0	0	0	0	0	0	0
0	0	0	0	0	0	22	28	0	0	0	0	0	0	0	0
0	0	0	0	0	0	22	32	0	0	0	0	0	0	0	0
0	0	0	0	0	0	22	29	0	0	0	0	0	0	0	0
0	0	0	0	0	0	22	28	1	0	0	0	0	0	0	0
0	0	0	0	0	0	22	28	0	0	0	0	0	0	0	0
0	0	0	0	0	0	22	28	0	0	0	0	0	0	0	0
0	0	0	0	0	0	22	28	0	0	0	0	0	0	0	0
0	0	0	0	0	0	22	28	1	0	0	0	0	0	0	0
0	0	0	0	0	0	22	31	0	0	0	0	0	0	0	0
0	0	0	0	0	0	22	28	0	0	0	0	0	0	0	0
0	0	0	0	0	0	22	28	0	0	0	0	0	0	0	0
0	0	0	0	0	0	22	28	1	0	0	0	0	0	0	0
0	0	0	0	0	0	22	28	1	0	0	0	0	0	0	0
0	0	0	0	0	0	22	28	0	0	0	0	0	0	0	0
0	0	0	0	0	0	22	28	0	0	0	0	0	0	0	0
0	0	0	0	0	0	22	31	0	0	0	0	0	0	0	0
0	0	0	0	0	0	22	37	1	0	0	0	0	0	0	0
0	0	0	0	0	0	22	43	1	0	0	0	0	0	0	0
0	0	0	0	0	0	22	41	1	0	0	0	0	0	0	0
0	0	0	0	0	0	22	32	1	0	0	0	0	0	0	0
0	0	0	0	0	0	22	36	1	0	0	0	0	0	0	0
0	0	0	0	0	0	22	28	0	0	0	0	0	0	0	0
0	0	0	0	0	0	22	24	0	0	0	0	0	0	0	0
0	0	0	0	0	0	22	17	0	0	0	0	0	0	0	0
0	0	0	0	0	0	22	11	0	0	0	0	0	0	0	0
0	0	0	0	0	0	22	17	0	0	0	0	0	0	0	0
0	0	0	0	0	0	22	32	1	0	0	0	0	0	0	0
0	0	0	0	0	0	22	43	1	0	0	0	0	0	0	0
0	0	0	0	0	0	22	38	1	0	0	0	0	0	0	0
0	0	0	0	0	0	22	39	1	0	0	0	0	0	0	0
0	0	0	0	0	0	22	39	1	0	0	0	0	0	0	0
0	0	0	0	0	0	22	28	1	0	0	0	0	0	0	0
0	0	0	0	0	0	22	25	0	0	0	0	0	0	0	0
0	0	0	0	0	0	26	17	0	0	0	0	0	0	0	0
0	0	0	0	0	0	32	6	0	0	0	0	0	0	0	0
0	0	0	0	0	0	26	20	0	0	0	0	0	0	0	0
0	0	0	0	0	0	22	28	0	0	0	0	0	0	0	0
0	0	0	0	0	0	22	29	0	0	0	0	0	0	0	0
0	0	0	0	0	0	22	36	0	0	0	0	0	0	0	0
0	0	0	0	0	0	22	28	0	0	0	0	0	0	0	0
0	0	0	0	0	0	22	28	1	0	0	0	0	0	0	0
0	0	0	0	0	0	22	26	0	0	0	0	0	0	0	0
0	0	0	0	0	0	22	28	0	0	0	0	0	0	0	0
0	0	0	0	0	0	22	26	0	0	0	0	0	0	0	0
0	0	0	0	0	0	23	25	0	0	0	0	0	0	0	0
0	0	0	0	0	0	24	24	0	0	0	0	0	0	0	0
0	0	0	0	0	0	22	28	1	0	0	0	0	0	0	0
0	0	0	0	0	0	22	28	1	0	0	0	0	0	0	0
0	0	0	0	0	0	23	30	0	0	0	0	0	0	0	0
0	0	0	0	0	0	22	28	0	0	0	0	0	0	0	0
0	0	0	0	0	0	22	28	0	0	0	0	0	0	0	0
0	0	0	0	0	0	22	28	1	0	0	0	0	0	0	0
0	0	0	0	0	0	22	28	0	0	0	0	0	0	0	0
0	0	0	0	0	0	22	28	0	0	0	0	0	0	0	0
0	0	0	0	0	0	22	28	0	0	0	0	0	0	0	0
0	0	0	0	0	0	22	28	1	0	0	0	0	0	0	0
0	0	0	0	0	0	22	30	0	0	0	0	0	0	0	0
0	0	0	0	0	0	22	28	0	0	0	0	0	0	0	0
0	0	0	0	0	0	22	28	0	0	0	0	0	0	0	0
0	0	0	0	0	0	22	28	1	0	0	0	0	0	0	0
0	0	0	0	0	0	22	28	0	0	0	0	0	0	0	0
0	0	0	0	0	0	22	28	0	0	0	0	0	0	0	0
0	0	0	0	0	0	22	28	0	0	0	0	0	0	0	0
0	0	0	0	0	0	22	28	0	0	0	0	0	0	0	0
0	0	0	0	0	0	22	28	0	0	0	0	0	0	0	0
0	0	0	0	0	0	16	29	0	0	0	0	0	0	0	0
0	0	0	0	0	0	8	28	0	0	0	0	0	0	0	0
0	0	0	0	0	0	11	28	0	0	0	0	0	0	0	0
0	0	0	0	0	0	22	29	0	0	0	0	0	0	0	0
0	0	0	0	0	0	22	28	0	0	0	0	0	0	0	0
0	0	0	0	0	0	22	28	0	0	0	0	0	0	0	0
0	0	0	0	0	0	23	20	0	0	0	0	0	0	0	0
0	0	0	0	0	0	24	24	0	0	0	0	0	0	0	0
0	0	0	0	0	0	22	27	0	0	0	0	0	0	0	0
0	0	0	0	0	0	22	28	0	0	0	0	0	0	0	0
0	0	0	0	0	0	22	30	1	0	0	0	0	0	0	0
0	0	0	0	0	0	22	40	1	0	0	0	0	0	0	0
0	0	0	0	0	0	22	35	1	0	0	0	0	0	0	0
0	0	0	0	0	0	22	28	0	0	0	0	0	0	0	0
0	0	0	0	0	0	22	28	0	0	0	0	0	0	0	0
0	0	0	0	0	0	19	19	0	0	0	0	0	0	0	0
0	0	0	0	0	0	9	24	0	0	0	0	0	0	0	0
0	0	0	0	0	0	11	28	0	0	0	0	0	0	0	0
0	0	0	0	0	0	22	31	0	0	0	0	0	0	0	0
0	0	0	0	0	0	22	28	0	0	0	0	0	0	0	0
0	0	0	0	0	0	22	29	0	0	0	0	0	0	0	0
0	0	0	0	0	0	19	27	0	0	0	0	0	0	0	0
0	0	0	0	0	0	20	28	0	0	0	0	0	0	0	0
0	0	0	0	0	0	22	26	0	0	0	0	0	0	0	0
0	0	0	0	0	0	21	32	1	0	0	0	0	0	0	0
0	0	0	0	0	0	22	31	1	0	0	0	0	0	0	0
0	0	0	0	0	0	22	39	1	0	0	0	0	0	0	0
0	0	0	0	0	0	22	32	1	0	0	0	0	0	0	0
0	0	0	0	0	0	22	21	0	0	0	0	0	0	0	0
0	0	0	0	0	0	22	21	0	0	0	0	0	0	0	0
0	0	0	0	0	0	22	21	0	0	0	0	0	0	0	0
0	0	0	0	0	0	22	26	0	0	0	0	0	0	0	0
0	0	0	0	0	0	22	28	0	0	0	0	0	0	0	0
0	0	0	0	0	0	22	30	1	0	0	0	0	0	0	0
0	0	0	0	0	0	22	35	1	0	0	0	0	0	0	0
0	0	0	0	0	0	22	34	1	0	0	0	0	0	0	0
0	0	0	0	0	0	22	32	1	0	0	0	0	0	0	0
0	0	0	0	0	0	22	34	1	0	0	0	0	0	0	0
0	0	0	0	0	0	22	21	0	0	0	0	0	0	0	0
0	0	0	0	0	0	18	18	0	0	0	0	0	0	0	0
0	0	0	0	0	0	16	28	0	0	0	0	0	0	0	0
0	0	0	0	0	0	21	28	0	0	0	0	0	0	0	0
0	0	0	0	0	0	21	28	0	0	0	0	0	0	0	0
0	0	0	0	0	0	19	26	0	0	0	0	0	0	0	0
0	0	0	0	0	0	20	20	0	0	0	0	0	0	0	0
0	0	0	0	0	0	22	27	0	0	0	0	0	0	0	0
0	0	0	0	0	0	23	28	0	0	0	0	0	0	0	0
0	0	0	0	0	0	22	28	0	0	0	0	0	0	0	0
0	0	0	0	0	0	22	35	1	0	0	0	0	0	0	0
0	0	0	0	0	0	22	33	1	0	0	0	0	0	0	0
0	0	0	0	0	0	22	34	1	0	0	0	0	0	0	0
0	0	0	0	0	0	22	32	0	0	0	0	0	0	0	0
0	0	0	0	0	0	22	22	0	0	0	0	0	0	0	0
0	0	0	0	0	0	22	17	0	0	0	0	0	0	0	0
0	0	0	0	0	0	22	23	0	0	0	0	0	0	0	0
0	0	0	0	0	0	22	28	0	0	0	0	0	0	0	0
0	0	0	0	0	0	22	28	0	0	0	0	0	0	0	0
0	0	0	0	0	0	21	30	0	0	0	0	0	0	0	0
0	0	0	0	0	0	19	33	0	0	0	0	0	0	0	0
0	0	0	0	0	0	22	27	0	0	0	0	0	0	0	0
0	0	0	0	0	0	22	28	0	0	0	0	0	0	0	0
0	0	0	0	0	0	22	28	0	0	0	0	0	0	0	0
0	0	0	0	0	0	22	28	0	0	0	0	0	0	0	0
0	0	0	0	0	0	18	32	0	0	0	0	0	0	0	0
0	0	0	0	0	0	14	32	0	0	0	0	0	0	0	0
0	0	0	0	0	0	16	29	0	0	0	0	0	0	0	0
0	0	0	0	0	0	21	28	0	0	0	0	0	0	0	0
0	0	0	0	0	0	22	28	0	0	0	0	0	0	0	0
0	0	0	0	0	0	22	28	0	0	0	0	0	0	0	0
0	0	0	0	0	0	22	28	0	0	0	0	0	0	0	0
0	0	0	0	0	0	22	28	1	0	0	0	0	0	0	0
0	0	0	0	0	0	23	31	1	0	0	0	0	0	0	0
0	0	0	0	0	0	27	28	1	0	0	0	0	0	0	0
0	0	0	0	0	0	24	26	1	0	0	0	0	0	0	0
0	0	0	0	0	0	22	28	1	0	0	0	0	0	0	0
0	0	0	0	0	0	22	28	1	0	0	0	0	0	0	0
0	0	0	0	0	0	22	28	1	0	0	0	0	0	0	0
0	0	0	0	0	0	22	28	0	0	0	0	0	0	0	0
0	0	0	0	0	0	21	25	0	0	0	0	0	0	0	0
0	0	0	0	0	0	23	20	0	0	0	0	0	0	0	0
0	0	0	0	0	0	23	28	0	0	0	0	0	0	0	0
0	0	0	0	0	0	20	27	0	0	0	0	0	0	0	0
0	0	0	0	0	0	21	25	0	0	0	0	0	0	0	0
0	0	0	0	0	0	22	28	1	0	0	0	0	0	0	0
0	0	0	0	0	0	22	34	1	0	0	0	0	0	0	0
0	0	0	0	0	0	22	36	1	0	0	0	0	0	0	0
0	0	0	0	0	0	22	31	1	0	0	0	0	0	0	0
0	0	0	0	0	0	26	31	0	0	0	0	0	0	0	0
0	0	0	0	0	0	30	28	0	0	0	0	0	0	0	0
0	0	0	0	0	0	23	21	0	0	0	0	0	0	0	0
0	0	0	0	0	0	22	28	0	0	0	0	0	0	0	0
0	0	0	0	0	0	22	25	0	0	0	0	0	0	0	0
0	0	0	0	0	0	25	27	0	0	0	0	0	0	0	0
0	0	0	0	0	0	23	27	0	0	0	0	0	0	0	0
0	0	0	0	0	0	23	22	0	0	0	0	0	0	0	0
0	0	0	0	0	0	22	28	1	0	0	0	0	0	0	0
0	0	0	0	0	0	23	35	1	0	0	0	0	0	0	0
0	0	0	0	0	0	22	35	1	0	0	0	0	0	0	0
0	0	0	0	0	0	22	38	1	0	0	0	0	0	0	0
0	0	0	0	0	0	22	39	1	0	0	0	0	0	0	0
0	0	0	0	0	0	22	28	0	0	0	0	0	0	0	0
0	0	0	0	0	0	23	24	0	0	0	0	0	0	0	0
0	0	0	0	0	0	28	16	0	0	0	0	0	0	0	0
0	0	0	0	0	0	24	26	0	0	0	0	0	0	0	0
0	0	0	0	0	0	22	28	0	0	0	0	0	0	0	0
0	0	0	0	0	0	22	27	0	0	0	0	0	0	0	0
0	0	0	0	0	0	21	22	0	0	0	0	0	0	0	0
0	0	0	0	0	0	22	26	0	0	0	0	0	0	0	0
0	0	0	0	0	0	25	28	0	0	0	0	0	0	0	0
0	0	0	0	0	0	28	27	0	0	0	0	0	0	0	0
0	0	0	0	0	0	21	26	0	0	0	0	0	0	0	0
0	0	0	0	0	0	21	28	0	0	0	0	0	0	0	0
0	0	0	0	0	0	20	27	0	0	0	0	0	0	0	0
0	0	0	0	0	0	21	28	0	0	0	0	0	0	0	0
0	0	0	0	0	0	23	30	0	0	0	0	0	0	0	0
0	0	0	0	0	0	23	29	0	0	0	0	0	0	0	0
0	0	0	0	0	0	22	26	0	0	0	0	0	0	0	0
0	0	0	0	0	0	22	30	1	0	0	0	0	0	0	0
0	0	0	0	0	0	22	42	1	0	0	0	0	0	0	0
0	0	0	0	0	0	22	29	1	0	0	0	0	0	0	0
0	0	0	0	0	0	22	23	0	0	0	0	0	0	0	0
0	0	0	0	0	0	22	19	0	0	0	0	0	0	0	0
0	0	0	0	0	0	24	24	0	0	0	0	0	0	0	0
0	0	0	0	0	0	25	29	0	0	0	0	0	0	0	0
0	0	0	0	0	0	24	28	0	0	0	0	0	0	0	0
0	0	0	0	0	0	22	28	0	0	0	0	0	0	0	0
0	0	0	0	0	0	22	28	0	0	0	0	0	0	0	0
0	0	0	0	0	0	22	28	0	0	0	0	0	0	0	0
0	0	0	0	0	0	22	28	1	0	0	0	0	0	0	0
0	0	0	0	0	0	22	39	1	0	0	0	0	0	0	0
0	0	0	0	0	0	22	34	1	0	0	0	0	0	0	0
0	0	0	0	0	0	22	30	1	0	0	0	0	0	0	0
0	0	0	0	0	0	22	24	0	0	0	0	0	0	0	0
0	0	0	0	0	0	22	21	0	0	0	0	0	0	0	0
0	0	0	0	0	0	22	28	0	0	0	0	0	0	0	0
0	0	0	0	0	0	22	28	0	0	0	0	0	0	0	0
0	0	0	0	0	0	22	27	0	0	0	0	0	0	0	0
0	0	0	0	0	0	22	26	0	0	0	0	0	0	0	0
0	0	0	0	0	0	22	29	1	0	0	0	0	0	0	0
0	0	0	0	0	0	22	40	1	0	0	0	0	0	0	0
0	0	0	0	0	0	22	31	1	0	0	0	0	0	0	0
0	0	0	0	0	0	22	32	1	0	0	0	0	0	0	0
0	0	0	0	0	0	22	32	0	0	0	0	0	0	0	0
0	0	0	0	0	0	27	22	0	0	0	0	0	0	0	0
0	0	0	0	0	0	27	16	0	0	0	0	0	0	0	0
0	0	0	0	0	0	22	27	0	0	0	0	0	0	0	0
0	0	0	0	0	0	22	24	0	0	0	0	0	0	0	0
0	0	0	0	0	0	22	24	0	0	0	0	0	0	0	0
0	0	0	0	0	0	23	25	0	0	0	0	0	0	0	0
0	0	0	0	0	0	22	28	0	0	0	0	0	0	0	0
0	0	0	0	0	0	22	31	1	0	0	0	0	0	0	0
0	0	0	0	0	0	22	43	1	0	0	0	0	0	0	0
0	0	0	0	0	0	22	35	1	0	0	0	0	0	0	0
0	0	0	0	0	0	22	26	0	0	0	0	0	0	0	0
0	0	0	0	0	0	20	22	0	0	0	0	0	0	0	0
0	0	0	0	0	0	21	20	0	0	0	0	0	0	0	0
0	0	0	0	0	0	23	21	0	0	0	0	0	0	0	0
0	0	0	0	0	0	24	27	0	0	0	0	0	0	0	0
0	0	0	0	0	0	22	27	0	0	0	0	0	0	0	0
0	0	0	0	0	0	22	28	0	0	0	0	0	0	0	0
0	0	0	0	0	0	22	30	1	0	0	0	0	0	0	0
0	0	0	0	0	0	22	42	1	0	0	0	0	0	0	0
0	0	0	0	0	0	22	39	1	0	0	0	0	0	0	0
0	0	0	0	0	0	22	32	1	0	0	0	0	0	0	0
0	0	0	0	0	0	21	15	0	0	0	0	0	0	0	0
0	0	0	0	0	0	18	14	0	0	0	0	0	0	0	0
0	0	0	0	0	0	22	27	0	0	0	0	0	0	0	0
0	0	0	0	0	0	22	28	0	0	0	0	0	0	0	0
0	0	0	0	0	0	22	26	0	0	0	0	0	0	0	0
0	0	0	0	0	0	22	28	0	0	0	0	0	0	0	0
0	0	0	0	0	0	22	30	1	0	0	0	0	0	0	0
0	0	0	0	0	0	22	39	1	0	0	0	0	0	0	0
0	0	0	0	0	0	22	35	1	0	0	0	0	0	0	0
0	0	0	0	0	0	22	29	1	0	0	0	0	0	0	0
0	0	0	0	0	0	22	31	1	0	0	0	0	0	0	0
0	0	0	0	0	0	29	31	0	0	0	0	0	0	0	0
0	0	0	0	0	0	30	17	0	0	0	0	0	0	0	0
0	0	0	0	0	0	22	22	0	0	0	0	0	0	0	0
0	0	0	0	0	0	23	25	0	0	0	0	0	0	0	0
0	0	0	0	0	0	23	27	0	0	0	0	0	0	0	0
0	0	0	0	0	0	22	28	0	0	0	0	0	0	0	0
0	0	0	0	0	0	22	25	0	0	0	0	0	0	0	0
0	0	0	0	0	0	22	24	0	0	0	0	0	0	0	0
0	0	0	0	0	0	22	27	0	0	0	0	0	0	0	0
0	0	0	0	0	0	22	27	0	0	0	0	0	0	0	0
0	0	0	0	0	0	22	32	1	0	0	0	0	0	0	0
0	0	0	0	0	0	22	40	1	0	0	0	0	0	0	0
0	0	0	0	0	0	22	28	1	0	0	0	0	0	0	0
0	0	0	0	0	0	22	28	1	0	0	0	0	0	0	0
0	0	0	0	0	0	22	26	0	0	0	0	0	0	0	0
0	0	0	0	0	0	22	28	0	0	0	0	0	0	0	0
0	0	0	0	0	0	22	28	0	0	0	0	0	0	0	0
0	0	0	0	0	0	22	30	0	0	0	0	0	0	0	0
0	0	0	0	0	0	30	26	0	0	0	0	0	0	0	0
0	0	0	0	0	0	30	28	0	0	0	0	0	0	0	0
0	0	0	0	0	0	22	27	0	0	0	0	0	0	0	0
0	0	0	0	0	0	22	28	0	0	0	0	0	0	0	0
0	0	0	0	0	0	22	28	0	0	0	0	0	0	0	0
0	0	0	0	0	0	22	28	0	0	0	0	0	0	0	0
0	0	0	0	0	0	22	28	0	0	0	0	0	0	0	0
0	0	0	0	0	0	22	28	0	0	0	0	0	0	0	0
0	0	0	0	0	0	22	28	0	0	0	0	0	0	0	0
0	0	0	0	0	0	22	28	0	0	0	0	0	0	0	0
0	0	0	0	0	0	22	28	0	0	0	0	0	0	0	0
0	0	0	0	0	0	22	28	0	0	0	0	0	0	0	0
0	0	0	0	0	0	22	28	0	0	0	0	0	0	0	0
0	0	0	0	0	0	22	28	0	0	0	0	0	0	0	0
0	0	0	0	0	0	22	28	0	0	0	0	0	0	0	0
0	0	0	0	0	0	22	28	0	0	0	0	0	0	0	0
0	0	0	0	0	0	25	28	0	0	0	0	0	0	0	0
0	0	0	0	0	0	29	28	0	0	0	0	0	0	0	0
0	0	0	0	0	0	25	28	1	0	0	0	0	0	0	0
0	0	0	0	0	0	22	26	1	0	0	0	0	0	0	0
0	0	0	0	0	0	22	28	0	0	0	0	0	0	0	0
0	0	0	0	0	0	22	28	0	0	0	0	0	0	0	0
0	0	0	0	0	0	22	28	0	0	0	0	0	0	0	0
0	0	0	0	0	0	22	26	0	0	0	0	0	0	0	0
0	0	0	0	0	0	22	15	0	0	0	0	0	0	0	0
0	0	0	0	0	0	22	19	0	0	0	0	0	0	0	0
0	0	0	0	0	0	22	28	1	0	0	0	0	0	0	0
0	0	0	0	0	0	22	32	1	0	0	0	0	0	0	0
0	0	0	0	0	0	22	36	1	0	0	0	0	0	0	0
0	0	0	0	0	0	22	29	1	0	0	0	0	0	0	0
0	0	0	0	0	0	22	34	1	0	0	0	0	0	0	0
0	0	0	0	0	0	22	31	1	0	0	0	0	0	0	0
0	0	0	0	0	0	24	35	1	0	0	0	0	0	0	0
0	0	0	0	0	0	27	28	0	0	0	0	0	0	0	0
0	0	0	0	0	0	22	21	0	0	0	0	0	0	0	0
0	0	0	0	0	0	22	24	0	0	0	0	0	0	0	0
0	0	0	0	0	0	22	26	0	0	0	0	0	0	0	0
0	0	0	0	0	0	21	25	0	0	0	0	0	0	0	0
0	0	0	0	0	0	22	25	0	0	0	0	0	0	0	0
0	0	0	0	0	0	22	25	0	0	0	0	0	0	0	0
0	0	0	0	0	0	22	30	1	0	0	0	0	0	0	0
0	0	0	0	0	0	22	40	1	0	0	0	0	0	0	0
0	0	0	0	0	0	22	36	1	0	0	0	0	0	0	0
0	0	0	0	0	0	22	32	1	0	0	0	0	0	0	0
0	0	0	0	0	0	22	28	0	0	0	0	0	0	0	0
0	0	0	0	0	0	22	28	0	0	0	0	0	0	0	0
0	0	0	0	0	0	22	24	0	0	0	0	0	0	0	0
0	0	0	0	0	0	22	17	0	0	0	0	0	0	0	0
0	0	0	0	0	0	22	21	0	0	0	0	0	0	0	0
0	0	0	0	0	0	22	34	1	0	0	0	0	0	0	0
0	0	0	0	0	0	22	42	1	0	0	0	0	0	0	0
0	0	0	0	0	0	22	39	1	0	0	0	0	0	0	0
0	0	0	0	0	0	22	32	1	0	0	0	0	0	0	0
0	0	0	0	0	0	22	27	1	0	0	0	0	0	0	0
0	0	0	0	0	0	22	29	0	0	0	0	0	0	0	0
0	0	0	0	0	0	22	28	0	0	0	0	0	0	0	0
0	0	0	0	0	0	22	28	0	0	0	0	0	0	0	0
0	0	0	0	0	0	22	29	0	0	0	0	0	0	0	0
0	0	0	0	0	0	22	17	0	0	0	0	0	0	0	0
0	0	0	0	0	0	22	25	1	0	0	0	0	0	0	0
0	0	0	0	0	0	22	39	1	0	0	0	0	0	0	0
0	0	0	0	0	0	22	36	1	0	0	0	0	0	0	0
0	0	0	0	0	0	22	38	1	0	0	0	0	0	0	0
0	0	0	0	0	0	22	34	1	0	0	0	0	0	0	0
0	0	0	0	0	0	22	30	1	0	0	0	0	0	0	0
0	0	0	0	0	0	24	17	0	0	0	0	0	0	0	0
0	0	0	0	0	0	31	8	0	0	0	0	0	0	0	0
0	0	0	0	0	0	28	15	0	0	0	0	0	0	0	0
0	0	0	0	0	0	22	27	0	0	0	0	0	0	0	0
0	0	0	0	0	0	22	24	0	0	0	0	0	0	0	0
0	0	0	0	0	0	22	26	0	0	0	0	0	0	0	0
0	0	0	0	0	0	24	24	0	0	0	0	0	0	0	0
0	0	0	0	0	0	22	28	0	0	0	0	0	0	0	0
0	0	0	0	0	0	22	27	0	0	0	0	0	0	0	0
0	0	0	0	0	0	23	28	0	0	0	0	0	0	0	0
0	0	0	0	0	0	22	28	0	0	0	0	0	0	0	0
0	0	0	0	0	0	22	29	0	0	0	0	0	0	0	0
0	0	0	0	0	0	22	29	0	0	0	0	0	0	0	0
0	0	0	0	0	0	22	30	1	0	0	0	0	0	0	0
0	0	0	0	0	0	22	41	1	0	0	0	0	0	0	0
0	0	0	0	0	0	22	40	1	0	0	0	0	0	0	0
0	0	0	0	0	0	22	45	1	0	0	0	0	0	0	0
0	0	0	0	0	0	22	37	1	0	0	0	0	0	0	0
0	0	0	0	0	0	22	25	1	0	0	0	0	0	0	0
0	0	0	0	0	0	16	8	0	0	0	0	0	0	0	0
0	0	0	0	0	0	9	12	0	0	0	0	0	0	0	0
0	0	0	0	0	0	13	28	0	0	0	0	0	0	0	0
0	0	0	0	0	0	23	26	0	0	0	0	0	0	0	0
0	0	0	0	0	0	22	28	0	0	0	0	0	0	0	0
0	0	0	0	0	0	22	28	0	0	0	0	0	0	0	0
0	0	0	0	0	0	21	26	0	0	0	0	0	0	0	0
0	0	0	0	0	0	19	22	0	0	0	0	0	0	0	0
0	0	0	0	0	0	21	26	0	0	0	0	0	0	0	0
0	0	0	0	0	0	22	26	0	0	0	0	0	0	0	0
0	0	0	0	0	0	22	23	0	0	0	0	0	0	0	0
0	0	0	0	0	0	22	25	0	0	0	0	0	0	0	0
0	0	0	0	0	0	22	28	0	0	0	0	0	0	0	0
0	0	0	0	0	0	22	28	0	0	0	0	0	0	0	0
0	0	0	0	0	0	22	31	1	0	0	0	0	0	0	0
0	0	0	0	0	0	22	42	1	0	0	0	0	0	0	0
0	0	0	0	0	0	22	37	1	0	0	0	0	0	0	0
0	0	0	0	0	0	22	40	1	0	0	0	0	0	0	0
0	0	0	0	0	0	22	41	1	0	0	0	0	0	0	0
0	0	0	0	0	0	22	31	1	0	0	0	0	0	0	0
0	0	0	0	0	0	21	15	0	0	0	0	0	0	0	0
0	0	0	0	0	0	13	16	0	0	0	0	0	0	0	0
0	0	0	0	0	0	15	27	0	0	0	0	0	0	0	0
0	0	0	0	0	0	23	26	0	0	0	0	0	0	0	0
0	0	0	0	0	0	22	28	0	0	0	0	0	0	0	0
0	0	0	0	0	0	22	30	0	0	0	0	0	0	0	0
0	0	0	0	0	0	23	26	0	0	0	0	0	0	0	0
0	0	0	0	0	0	24	17	0	0	0	0	0	0	0	0
0	0	0	0	0	0	22	20	0	0	0	0	0	0	0	0
0	0	0	0	0	0	22	25	0	0	0	0	0	0	0	0
0	0	0	0	0	0	22	34	1	0	0	0	0	0	0	0
0	0	0	0	0	0	22	45	1	0	0	0	0	0	0	0
0	0	0	0	0	0	22	39	1	0	0	0	0	0	0	0
0	0	0	0	0	0	22	28	1	0	0	0	0	0	0	0
0	0	0	0	0	0	22	17	0	0	0	0	0	0	0	0
0	0	0	0	0	0	22	14	0	0	0	0	0	0	0	0
0	0	0	0	0	0	22	19	0	0	0	0	0	0	0	0
0	0	0	0	0	0	22	28	0	0	0	0	0	0	0	0
0	0	0	0	0	0	22	34	1	0	0	0	0	0	0	0
0	0	0	0	0	0	22	43	1	0	0	0	0	0	0	0
0	0	0	0	0	0	17	35	0	0	0	0	0	0	0	0
0	0	0	0	0	0	14	26	0	0	0	0	0	0	0	0
0	0	0	0	0	0	23	25	0	0	0	0	0	0	0	0
0	0	0	0	0	0	22	29	0	0	0	0	0	0	0	0
0	0	0	0	0	0	22	28	0	0	0	0	0	0	0	0
0	0	0	0	0	0	22	26	0	0	0	0	0	0	0	0
0	0	0	0	0	0	21	21	0	0	0	0	0	0	0	0
0	0	0	0	0	0	20	27	0	0	0	0	0	0	0	0
0	0	0	0	0	0	18	27	0	0	0	0	0	0	0	0
0	0	0	0	0	0	22	25	0	0	0	0	0	0	0	0
0	0	0	0	0	0	22	28	0	0	0	0	0	0	0	0
0	0	0	0	0	0	22	28	0	0	0	0	0	0	0	0
0	0	0	0	0	0	22	28	0	0	0	0	0	0	0	0
0	0	0	0	0	0	21	32	0	0	0	0	0	0	0	0
0	0	0	0	0	0	15	30	0	0	0	0	0	0	0	0
0	0	0	0	0	0	15	29	0	0	0	0	0	0	0	0
0	0	0	0	0	0	20	29	0	0	0	0	0	0	0	0
0	0	0	0	0	0	20	24	0	0	0	0	0	0	0	0
0	0	0	0	0	0	16	32	0	0	0	0	0	0	0	0
0	0	0	0	0	0	14	28	0	0	0	0	0	0	0	0
0	0	0	0	0	0	20	31	0	0	0	0	0	0	0	0
0	0	0	0	0	0	22	28	0	0	0	0	0	0	0	0
0	0	0	0	0	0	22	28	0	0	0	0	0	0	0	0
0	0	0	0	0	0	22	27	0	0	0	0	0	0	0	0
0	0	0	0	0	0	18	27	0	0	0	0	0	0	0	0
0	0	0	0	0	0	17	23	0	0	0	0	0	0	0	0
0	0	0	0	0	0	22	30	1	0	0	0	0	0	0	0
0	0	0	0	0	0	22	30	1	0	0	0	0	0	0	0
0	0	0	0	0	0	22	28	1	0	0	0	0	0	0	0
0	0	0	0	0	0	22	22	1	0	0	0	0	0	0	0
0	0	0	0	0	0	22	23	0	0	0	0	0	0	0	0
0	0	0	0	0	0	23	21	0	0	0	0	0	0	0	0
0	0	0	0	0	0	22	27	0	0	0	0	0	0	0	0
0	0	0	0	0	0	22	28	0	0	0	0	0	0	0	0
0	0	0	0	0	0	22	32	1	0	0	0	0	0	0	0
0	0	0	0	0	0	22	36	1	0	0	0	0	0	0	0
0	0	0	0	0	0	22	38	1	0	0	0	0	0	0	0
0	0	0	0	0	0	22	32	1	0	0	0	0	0	0	0
0	0	0	0	0	0	22	24	0	0	0	0	0	0	0	0
0	0	0	0	0	0	22	28	0	0	0	0	0	0	0	0
0	0	0	0	0	0	22	28	0	0	0	0	0	0	0	0
0	0	0	0	0	0	22	24	0	0	0	0	0	0	0	0
0	0	0	0	0	0	23	18	0	0	0	0	0	0	0	0
0	0	0	0	0	0	22	26	0	0	0	0	0	0	0	0
0	0	0	0	0	0	22	27	0	0	0	0	0	0	0	0
0	0	0	0	0	0	22	23	0	0	0	0	0	0	0	0
0	0	0	0	0	0	22	26	0	0	0	0	0	0	0	0
0	0	0	0	0	0	22	28	1	0	0	0	0	0	0	0
0	0	0	0	0	0	22	28	0	0	0	0	0	0	0	0
0	0	0	0	0	0	22	28	0	0	0	0	0	0	0	0
0	0	0	0	0	0	22	28	0	0	0	0	0	0	0	0
0	0	0	0	0	0	22	28	1	0	0	0	0	0	0	0
0	0	0	0	0	0	22	29	0	0	0	0	0	0	0	0
0	0	0	0	0	0	22	29	0	0	0	0	0	0	0	0
0	0	0	0	0	0	22	28	0	0	0	0	0	0	0	0
0	0	0	0	0	0	22	31	1	0	0	0	0	0	0	0
0	0	0	0	0	0	22	35	1	0	0	0	0	0	0	0
0	0	0	0	0	0	22	39	1	0	0	0	0	0	0	0
0	0	0	0	0	0	22	29	1	0	0	0	0	0	0	0
0	0	0	0	0	0	22	28	0	0	0	0	0	0	0	0
0	0	0	0	0	0	22	24	0	0	0	0	0	0	0	0
0	0	0	0	0	0	26	20	0	0	0	0	0	0	0	0
0	0	0	0	0	0	24	27	0	0	0	0	0	0	0	0
0	0	0	0	0	0	22	28	0	0	0	0	0	0	0	0
0	0	0	0	0	0	23	25	0	0	0	0	0	0	0	0
0	0	0	0	0	0	23	26	0	0	0	0	0	0	0	0
0	0	0	0	0	0	22	24	0	0	0	0	0	0	0	0
0	0	0	0	0	0	22	28	0	0	0	0	0	0	0	0
0	0	0	0	0	0	22	31	0	0	0	0	0	0	0	0
0	0	0	0	0	0	22	29	1	0	0	0	0	0	0	0
0	0	0	0	0	0	22	36	1	0	0	0	0	0	0	0
0	0	0	0	0	0	22	36	1	0	0	0	0	0	0	0
0	0	0	0	0	0	22	33	1	0	0	0	0	0	0	0
0	0	0	0	0	0	22	26	0	0	0	0	0	0	0	0
0	0	0	0	0	0	25	20	0	0	0	0	0	0	0	0
0	0	0	0	0	0	28	23	0	0	0	0	0	0	0	0
0	0	0	0	0	0	22	28	0	0	0	0	0	0	0	0
0	0	0	0	0	0	22	28	0	0	0	0	0	0	0	0
0	0	0	0	0	0	22	28	0	0	0	0	0	0	0	0
0	0	0	0	0	0	22	28	0	0	0	0	0	0	0	0
0	0	0	0	0	0	22	28	0	0	0	0	0	0	0	0
0	0	0	0	0	0	22	25	0	0	0	0	0	0	0	0
0	0	0	0	0	0	24	28	0	0	0	0	0	0	0	0
0	0	0	0	0	0	26	28	0	0	0	0	0	0	0	0
0	0	0	0	0	0	22	27	0	0	0	0	0	0	0	0
0	0	0	0	0	0	22	28	0	0	0	0	0	0	0	0
0	0	0	0	0	0	22	29	1	0	0	0	0	0	0	0
0	0	0	0	0	0	23	34	0	0	0	0	0	0	0	0
0	0	0	0	0	0	23	27	0	0	0	0	0	0	0	0
0	0	0	0	0	0	22	25	0	0	0	0	0	0	0	0
0	0	0	0	0	0	22	27	0	0	0	0	0	0	0	0
0	0	0	0	0	0	22	27	0	0	0	0	0	0	0	0
0	0	0	0	0	0	22	34	1	0	0	0	0	0	0	0
0	0	0	0	0	0	22	36	1	0	0	0	0	0	0	0
0	0	0	0	0	0	22	33	1	0	0	0	0	0	0	0
0	0	0	0	0	0	22	33	1	0	0	0	0	0	0	0
0	0	0	0	0	0	22	24	0	0	0	0	0	0	0	0
0	0	0	0	0	0	24	20	0	0	0	0	0	0	0	0
0	0	0	0	0	0	26	25	0	0	0	0	0	0	0	0
0	0	0	0	0	0	23	26	0	0	0	0	0	0	0	0
0	0	0	0	0	0	22	24	0	0	0	0	0	0	0	0
0	0	0	0	0	0	22	24	0	0	0	0	0	0	0	0
0	0	0	0	0	0	22	24	0	0	0	0	0	0	0	0
0	0	0	0	0	0	22	26	0	0	0	0	0	0	0	0
0	0	0	0	0	0	22	27	0	0	0	0	0	0	0	0
0	0	0	0	0	0	22	32	1	0	0	0	0	0	0	0
0	0	0	0	0	0	22	43	1	0	0	0	0	0	0	0
0	0	0	0	0	0	22	36	1	0	0	0	0	0	0	0
0	0	0	0	0	0	22	25	0	0	0	0	0	0	0	0
0	0	0	0	0	0	22	24	0	0	0	0	0	0	0	0
0	0	0	0	0	0	22	22	0	0	0	0	0	0	0	0
0	0	0	0	0	0	22	23	0	0	0	0	0	0	0	0
0	0	0	0	0	0	23	24	0	0	0	0	0	0	0	0
0	0	0	0	0	0	25	29	0	0	0	0	0	0	0	0
0	0	0	0	0	0	23	28	0	0	0	0	0	0	0	0
0	0	0	0	0	0	22	28	0	0	0	0	0	0	0	0
0	0	0	0	0	0	22	32	1	0	0	0	0	0	0	0
0	0	0	0	0	0	22	37	1	0	0	0	0	0	0	0
0	0	0	0	0	0	22	37	1	0	0	0	0	0	0	0
0	0	0	0	0	0	22	37	1	0	0	0	0	0	0	0
0	0	0	0	0	0	22	21	0	0	0	0	0	0	0	0
0	0	0	0	0	0	22	23	0	0	0	0	0	0	0	0
0	0	0	0	0	0	22	20	0	0	0	0	0	0	0	0
0	0	0	0	0	0	22	22	0	0	0	0	0	0	0	0
0	0	0	0	0	0	22	28	0	0	0	0	0	0	0	0
0	0	0	0	0	0	22	28	0	0	0	0	0	0	0	0
0	0	0	0	0	0	25	27	0	0	0	0	0	0	0	0
0	0	0	0	0	0	25	27	0	0	0	0	0	0	0	0
0	0	0	0	0	0	22	28	0	0	0	0	0	0	0	0
0	0	0	0	0	0	22	29	1	0	0	0	0	0	0	0
0	0	0	0	0	0	22	38	1	0	0	0	0	0	0	0
0	0	0	0	0	0	22	31	1	0	0	0	0	0	0	0
0	0	0	0	0	0	22	32	1	0	0	0	0	0	0	0
0	0	0	0	0	0	22	28	0	0	0	0	0	0	0	0
0	0	0	0	0	0	22	24	0	0	0	0	0	0	0	0
0	0	0	0	0	0	22	21	0	0	0	0	0	0	0	0
0	0	0	0	0	0	22	24	0	0	0	0	0	0	0	0
0	0	0	0	0	0	22	27	0	0	0	0	0	0	0	0
0	0	0	0	0	0	22	29	1	0	0	0	0	0	0	0
0	0	0	0	0	0	22	38	1	0	0	0	0	0	0	0
0	0	0	0	0	0	22	40	1	0	0	0	0	0	0	0
0	0	0	0	0	0	22	29	1	0	0	0	0	0	0	0
0	0	0	0	0	0	24	17	0	0	0	0	0	0	0	0
0	0	0	0	0	0	23	20	0	0	0	0	0	0	0	0
0	0	0	0	0	0	22	23	0	0	0	0	0	0	0	0
0	0	0	0	0	0	22	24	0	0	0	0	0	0	0	0
0	0	0	0	0	0	22	26	0	0	0	0	0	0	0	0
0	0	0	0	0	0	22	28	0	0	0	0	0	0	0	0
0	0	0	0	0	0	22	28	0	0	0	0	0	0	0	0
0	0	0	0	0	0	22	28	0	0	0	0	0	0	0	0
0	0	0	0	0	0	21	25	0	0	0	0	0	0	0	0
0	0	0	0	0	0	22	28	0	0	0	0	0	0	0	0
0	0	0	0	0	0	22	28	0	0	0	0	0	0	0	0
0	0	0	0	0	0	22	28	0	0	0	0	0	0	0	0
0	0	0	0	0	0	22	28	0	0	0	0	0	0	0	0
0	0	0	0	0	0	22	28	0	0	0	0	0	0	0	0
0	0	0	0	0	0	17	28	0	0	0	0	0	0	0	0
0	0	0	0	0	0	13	40	0	0	0	0	0	0	0	0
0	0	0	0	0	0	16	40	0	0	0	0	0	0	0	0
0	0	0	0	0	0	22	28	0	0	0	0	0	0	0	0
0	0	0	0	0	0	22	28	0	0	0	0	0	0	0	0
0	0	0	0	0	0	22	28	0	0	0	0	0	0	0	0
0	0	0	0	0	0	22	26	0	0	0	0	0	0	0	0
0	0	0	0	0	0	22	23	0	0	0	0	0	0	0	0
0	0	0	0	0	0	22	28	1	0	0	0	0	0	0	0
0	0	0	0	0	0	22	28	1	0	0	0	0	0	0	0
0	0	0	0	0	0	22	24	1	0	0	0	0	0	0	0
0	0	0	0	0	0	22	23	1	0	0	0	0	0	0	0
0	0	0	0	0	0	22	25	1	0	0	0	0	0	0	0
0	0	0	0	0	0	22	22	1	0	0	0	0	0	0	0
0	0	0	0	0	0	22	27	1	0	0	0	0	0	0	0
0	0	0	0	0	0	22	27	1	0	0	0	0	0	0	0
0	0	0	0	0	0	22	27	1	0	0	0	0	0	0	0
0	0	0	0	0	0	22	29	1	0	0	0	0	0	0	0
0	0	0	0	0	0	22	30	1	0	0	0	0	0	0	0
0	0	0	0	0	0	22	30	1	0	0	0	0	0	0	0
0	0	0	0	0	0	22	34	1	0	0	0	0	0	0	0
0	0	0	0	0	0	22	32	1	0	0	0	0	0	0	0
0	0	0	0	0	0	22	39	1	0	0	0	0	0	0	0
0	0	0	0	0	0	30	42	0	0	0	0	0	0	0	0
0	0	0	0	0	0	29	17	0	0	0	0	0	0	0	0
0	0	0	0	0	0	23	22	0	0	0	0	0	0	0	0
0	0	0	0	0	0	23	28	0	0	0	0	0	0	0	0
0	0	0	0	0	0	22	27	0	0	0	0	0	0	0	0
0	0	0	0	0	0	23	28	0	0	0	0	0	0	0	0
0	0	0	0	0	0	24	25	0	0	0	0	0	0	0	0
0	0	0	0	0	0	22	23	0	0	0	0	0	0	0	0
0	0	0	0	0	0	22	27	0	0	0	0	0	0	0	0
0	0	0	0	0	0	22	31	1	0	0	0	0	0	0	0
0	0	0	0	0	0	22	39	1	0	0	0	0	0	0	0
0	0	0	0	0	0	22	33	1	0	0	0	0	0	0	0
0	0	0	0	0	0	22	32	1	0	0	0	0	0	0	0
0	0	0	0	0	0	22	28	1	0	0	0	0	0	0	0
0	0	0	0	0	0	22	18	0	0	0	0	0	0	0	0
0	0	0	0	0	0	22	16	0	0	0	0	0	0	0	0
0	0	0	0	0	0	22	24	0	0	0	0	0	0	0	0
0	0	0	0	0	0	22	26	0	0	0	0	0	0	0	0
0	0	0	0	0	0	22	28	1	0	0	0	0	0	0	0
0	0	0	0	0	0	22	33	1	0	0	0	0	0	0	0
0	0	0	0	0	0	22	38	1	0	0	0	0	0	0	0
0	0	0	0	0	0	22	36	1	0	0	0	0	0	0	0
0	0	0	0	0	0	22	35	1	0	0	0	0	0	0	0
0	0	0	0	0	0	22	28	0	0	0	0	0	0	0	0
0	0	0	0	0	0	22	28	0	0	0	0	0	0	0	0
0	0	0	0	0	0	22	28	0	0	0	0	0	0	0	0
0	0	0	0	0	0	22	28	0	0	0	0	0	0	0	0
0	0	0	0	0	0	22	23	0	0	0	0	0	0	0	0
0	0	0	0	0	0	22	18	0	0	0	0	0	0	0	0
0	0	0	0	0	0	22	28	1	0	0	0	0	0	0	0
0	0	0	0	0	0	22	35	1	0	0	0	0	0	0	0
0	0	0	0	0	0	22	40	1	0	0	0	0	0	0	0
0	0	0	0	0	0	22	30	1	0	0	0	0	0	0	0
0	0	0	0	0	0	22	30	1	0	0	0	0	0	0	0
0	0	0	0	0	0	22	32	1	0	0	0	0	0	0	0
0	0	0	0	0	0	22	28	0	0	0	0	0	0	0	0
0	0	0	0	0	0	22	23	0	0	0	0	0	0	0	0
0	0	0	0	0	0	23	13	0	0	0	0	0	0	0	0
0	0	0	0	0	0	22	18	0	0	0	0	0	0	0	0
0	0	0	0	0	0	22	28	1	0	0	0	0	0	0	0
0	0	0	0	0	0	22	26	0	0	0	0	0	0	0	0
0	0	0	0	0	0	22	28	0	0	0	0	0	0	0	0
0	0	0	0	0	0	22	28	1	0	0	0	0	0	0	0
0	0	0	0	0	0	22	28	1	0	0	0	0	0	0	0
0	0	0	0	0	0	22	28	0	0	0	0	0	0	0	0
0	0	0	0	0	0	27	28	0	0	0	0	0	0	0	0
0	0	0	0	0	0	35	28	0	0	0	0	0	0	0	0
0	0	0	0	0	0	28	26	0	0	0	0	0	0	0	0
0	0	0	0	0	0	22	28	1	0	0	0	0	0	0	0
0	0	0	0	0	0	22	28	0	0	0	0	0	0	0	0
0	0	0	0	0	0	22	30	0	0	0	0	0	0	0	0
0	0	0	0	0	0	24	29	0	0	0	0	0	0	0	0
0	0	0	0	0	0	24	25	0	0	0	0	0	0	0	0
0	0	0	0	0	0	23	24	0	0	0	0	0	0	0	0
0	0	0	0	0	0	24	27	0	0	0	0	0	0	0	0
0	0	0	0	0	0	22	27	0	0	0	0	0	0	0	0
0	0	0	0	0	0	22	28	0	0	0	0	0	0	0	0
0	0	0	0	0	0	23	30	0	0	0	0	0	0	0	0
0	0	0	0	0	0	22	28	0	0	0	0	0	0	0	0
0	0	0	0	0	0	22	27	0	0	0	0	0	0	0	0
0	0	0	0	0	0	22	28	0	0	0	0	0	0	0	0
0	0	0	0	0	0	22	29	1	0	0	0	0	0	0	0
0	0	0	0	0	0	22	42	1	0	0	0	0	0	0	0
0	0	0	0	0	0	22	30	1	0	0	0	0	0	0	0
0	0	0	0	0	0	22	30	1	0	0	0	0	0	0	0
0	0	0	0	0	0	23	27	0	0	0	0	0	0	0	0
0	0	0	0	0	0	22	28	0	0	0	0	0	0	0	0
0	0	0	0	0	0	22	28	0	0	0	0	0	0	0	0
0	0	0	0	0	0	29	27	0	0	0	0	0	0	0	0
0	0	0	0	0	0	30	11	0	0	0	0	0	0	0	0
0	0	0	0	0	0	24	23	0	0	0	0	0	0	0	0
0	0	0	0	0	0	22	27	0	0	0	0	0	0	0	0
0	0	0	0	0	0	24	27	0	0	0	0	0	0	0	0
0	0	0	0	0	0	24	31	0	0	0	0	0	0	0	0
0	0	0	0	0	0	22	28	0	0	0	0	0	0	0	0
0	0	0	0	0	0	22	26	0	0	0	0	0	0	0	0
0	0	0	0	0	0	22	26	0	0	0	0	0	0	0	0
0	0	0	0	0	0	22	28	1	0	0	0	0	0	0	0
0	0	0	0	0	0	22	38	1	0	0	0	0	0	0	0
0	0	0	0	0	0	23	42	1	0	0	0	0	0	0	0
0	0	0	0	0	0	26	22	0	0	0	0	0	0	0	0
0	0	0	0	0	0	22	23	0	0	0	0	0	0	0	0
0	0	0	0	0	0	22	24	0	0	0	0	0	0	0	0
0	0	0	0	0	0	22	25	0	0	0	0	0	0	0	0
0	0	0	0	0	0	22	26	0	0	0	0	0	0	0	0
0	0	0	0	0	0	22	30	1	0	0	0	0	0	0	0
0	0	0	0	0	0	22	38	1	0	0	0	0	0	0	0
0	0	0	0	0	0	17	26	0	0	0	0	0	0	0	0
0	0	0	0	0	0	14	28	0	0	0	0	0	0	0	0
0	0	0	0	0	0	20	26	0	0	0	0	0	0	0	0
0	0	0	0	0	0	20	24	0	0	0	0	0	0	0	0
0	0	0	0	0	0	20	25	0	0	0	0	0	0	0	0
0	0	0	0	0	0	19	24	0	0	0	0	0	0	0	0
0	0	0	0	0	0	22	28	1	0	0	0	0	0	0	0
0	0	0	0	0	0	22	28	0	0	0	0	0	0	0	0
0	0	0	0	0	0	21	31	0	0	0	0	0	0	0	0
0	0	0	0	0	0	11	48	0	0	0	0	0	0	0	0
0	0	0	0	0	0	10	31	0	0	0	0	0	0	0	0
0	0	0	0	0	0	22	27	0	0	0	0	0	0	0	0
0	0	0	0	0	0	22	28	0	0	0	0	0	0	0	0
0	0	0	0	0	0	22	27	0	0	0	0	0	0	0	0
0	0	0	0	0	0	23	25	0	0	0	0	0	0	0	0
0	0	0	0	0	0	22	23	0	0	0	0	0	0	0	0
0	0	0	0	0	0	22	26	0	0	0	0	0	0	0	0
0	0	0	0	0	0	22	26	0	0	0	0	0	0	0	0
0	0	0	0	0	0	22	24	0	0	0	0	0	0	0	0
0	0	0	0	0	0	22	26	0	0	0	0	0	0	0	0
0	0	0	0	0	0	21	26	0	0	0	0	0	0	0	0
0	0	0	0	0	0	22	27	0	0	0	0	0	0	0	0
0	0	0	0	0	0	22	28	1	0	0	0	0	0	0	0
0	0	0	0	0	0	22	43	1	0	0	0	0	0	0	0
0	0	0	0	0	0	22	35	1	0	0	0	0	0	0	0
0	0	0	0	0	0	22	28	1	0	0	0	0	0	0	0
0	0	0	0	0	0	22	27	0	0	0	0	0	0	0	0
0	0	0	0	0	0	29	26	0	0	0	0	0	0	0	0
0	0	0	0	0	0	35	28	0	0	0	0	0	0	0	0
0	0	0	0	0	0	25	19	0	0	0	0	0	0	0	0
0	0	0	0	0	0	21	28	0	0	0	0	0	0	0	0
0	0	0	0	0	0	22	29	0	0	0	0	0	0	0	0
0	0	0	0	0	0	22	28	0	0	0	0	0	0	0	0
0	0	0	0	0	0	22	28	0	0	0	0	0	0	0	0
0	0	0	0	0	0	24	28	0	0	0	0	0	0	0	0
0	0	0	0	0	0	23	27	0	0	0	0	0	0	0	0
0	0	0	0	0	0	23	27	0	0	0	0	0	0	0	0
0	0	0	0	0	0	22	28	0	0	0	0	0	0	0	0
0	0	0	0	0	0	22	28	0	0	0	0	0	0	0	0
0	0	0	0	0	0	24	26	0	0	0	0	0	0	0	0
0	0	0	0	0	0	22	27	1	0	0	0	0	0	0	0
0	0	0	0	0	0	22	28	1	0	0	0	0	0	0	0
0	0	0	0	0	0	22	28	1	0	0	0	0	0	0	0
0	0	0	0	0	0	22	24	1	0	0	0	0	0	0	0
0	0	0	0	0	0	22	27	1	0	0	0	0	0	0	0
0	0	0	0	0	0	22	28	1	0	0	0	0	0	0	0
0	0	0	0	0	0	22	27	1	0	0	0	0	0	0	0
0	0	0	0	0	0	22	26	1	0	0	0	0	0	0	0
0	0	0	0	0	0	22	28	1	0	0	0	0	0	0	0
0	0	0	0	0	0	22	28	1	0	0	0	0	0	0	0
0	0	0	0	0	0	22	28	1	0	0	0	0	0	0	0
0	0	0	0	0	0	22	28	1	0	0	0	0	0	0	0
0	0	0	0	0	0	22	28	1	0	0	0	0	0	0	0
0	0	0	0	0	0	22	29	1	0	0	0	0	0	0	0
0	0	0	0	0	0	22	28	1	0	0	0	0	0	0	0
0	0	0	0	0	0	22	28	1	0	0	0	0	0	0	0
0	0	0	0	0	0	22	28	1	0	0	0	0	0	0	0
0	0	0	0	0	0	22	28	1	0	0	0	0	0	0	0
0	0	0	0	0	0	22	28	1	0	0	0	0	0	0	0
0	0	0	0	0	0	22	34	1	0	0	0	0	0	0	0
0	0	0	0	0	0	22	35	1	0	0	0	0	0	0	0
0	0	0	0	0	0	22	32	1	0	0	0	0	0	0	0
0	0	0	0	0	0	22	40	1	0	0	0	0	0	0	0
0	0	0	0	0	0	22	24	0	0	0	0	0	0	0	0
0	0	0	0	0	0	24	15	0	0	0	0	0	0	0	0
0	0	0	0	0	0	32	24	0	0	0	0	0	0	0	0
0	0	0	0	0	0	28	28	0	0	0	0	0	0	0	0
0	0	0	0	0	0	23	30	0	0	0	0	0	0	0	0
0	0	0	0	0	0	23	31	0	0	0	0	0	0	0	0
0	0	0	0	0	0	22	27	0	0	0	0	0	0	0	0
0	0	0	0	0	0	21	20	0	0	0	0	0	0	0	0
0	0	0	0	0	0	22	25	0	0	0	0	0	0	0	0
0	0	0	0	0	0	22	32	1	0	0	0	0	0	0	0
0	0	0	0	0	0	22	40	1	0	0	0	0	0	0	0
0	0	0	0	0	0	22	39	1	0	0	0	0	0	0	0
0	0	0	0	0	0	22	28	1	0	0	0	0	0	0	0
0	0	0	0	0	0	22	19	0	0	0	0	0	0	0	0
0	0	0	0	0	0	22	23	0	0	0	0	0	0	0	0
0	0	0	0	0	0	22	17	0	0	0	0	0	0	0	0
0	0	0	0	0	0	22	24	0	0	0	0	0	0	0	0
0	0	0	0	0	0	22	28	1	0	0	0	0	0	0	0
0	0	0	0	0	0	22	41	1	0	0	0	0	0	0	0
0	0	0	0	0	0	22	38	1	0	0	0	0	0	0	0
0	0	0	0	0	0	22	35	1	0	0	0	0	0	0	0
0	0	0	0	0	0	22	28	0	0	0	0	0	0	0	0
0	0	0	0	0	0	13	15	0	0	0	0	0	0	0	0
0	0	0	0	0	0	10	27	0	0	0	0	0	0	0	0
0	0	0	0	0	0	23	28	0	0	0	0	0	0	0	0
0	0	0	0	0	0	34	28	0	0	0	0	0	0	0	0
0	0	0	0	0	0	28	28	0	0	0	0	0	0	0	0
0	0	0	0	0	0	23	28	0	0	0	0	0	0	0	0
0	0	0	0	0	0	24	24	0	0	0	0	0	0	0	0
0	0	0	0	0	0	24	23	0	0	0	0	0	0	0	0
0	0	0	0	0	0	22	28	0	0	0	0	0	0	0	0
0	0	0	0	0	0	23	29	0	0	0	0	0	0	0	0
0	0	0	0	0	0	22	29	1	0	0	0	0	0	0	0
0	0	0	0	0	0	22	41	1	0	0	0	0	0	0	0
0	0	0	0	0	0	22	41	1	0	0	0	0	0	0	0
0	0	0	0	0	0	22	34	1	0	0	0	0	0	0	0
0	0	0	0	0	0	22	39	1	0	0	0	0	0	0	0
0	0	0	0	0	0	18	24	1	0	0	0	0	0	0	0
0	0	0	0	0	0	8	7	0	0	0	0	0	0	0	0
0	0	0	0	0	0	11	28	0	0	0	0	0	0	0	0
0	0	0	0	0	0	23	27	0	0	0	0	0	0	0	0
0	0	0	0	0	0	22	28	0	0	0	0	0	0	0	0
0	0	0	0	0	0	22	27	0	0	0	0	0	0	0	0
0	0	0	0	0	0	22	19	0	0	0	0	0	0	0	0
0	0	0	0	0	0	23	17	0	0	0	0	0	0	0	0
0	0	0	0	0	0	22	24	0	0	0	0	0	0	0	0
0	0	0	0	0	0	22	28	0	0	0	0	0	0	0	0
0	0	0	0	0	0	22	36	1	0	0	0	0	0	0	0
0	0	0	0	0	0	22	43	1	0	0	0	0	0	0	0
0	0	0	0	0	0	22	37	1	0	0	0	0	0	0	0
0	0	0	0	0	0	22	40	1	0	0	0	0	0	0	0
0	0	0	0	0	0	22	37	1	0	0	0	0	0	0	0
0	0	0	0	0	0	22	35	1	0	0	0	0	0	0	0
0	0	0	0	0	0	22	42	1	0	0	0	0	0	0	0
0	0	0	0	0	0	22	31	1	0	0	0	0	0	0	0
0	0	0	0	0	0	22	28	0	0	0	0	0	0	0	0
0	0	0	0	0	0	21	22	0	0	0	0	0	0	0	0
0	0	0	0	0	0	22	13	0	0	0	0	0	0	0	0
0	0	0	0	0	0	22	10	0	0	0	0	0	0	0	0
0	0	0	0	0	0	22	10	0	0	0	0	0	0	0	0
0	0	0	0	0	0	22	17	0	0	0	0	0	0	0	0
0	0	0	0	0	0	22	27	1	0	0	0	0	0	0	0
0	0	0	0	0	0	23	40	1	0	0	0	0	0	0	0
0	0	0	0	0	0	22	40	1	0	0	0	0	0	0	0
0	0	0	0	0	0	22	40	1	0	0	0	0	0	0	0
0	0	0	0	0	0	22	41	1	0	0	0	0	0	0	0
0	0	0	0	0	0	22	32	1	0	0	0	0	0	0	0
0	0	0	0	0	0	22	35	1	0	0	0	0	0	0	0
0	0	0	0	0	0	22	29	1	0	0	0	0	0	0	0
0	0	0	0	0	0	16	8	0	0	0	0	0	0	0	0
0	0	0	0	0	0	10	7	0	0	0	0	0	0	0	0
0	0	0	0	0	0	15	13	0	0	0	0	0	0	0	0
0	0	0	0	0	0	22	28	0	0	0	0	0	0	0	0
0	0	0	0	0	0	22	28	0	0	0	0	0	0	0	0
0	0	0	0	0	0	22	29	0	0	0	0	0	0	0	0
0	0	0	0	0	0	21	39	0	0	0	0	0	0	0	0
0	0	0	0	0	0	22	30	0	0	0	0	0	0	0	0
0	0	0	0	0	0	22	25	0	0	0	0	0	0	0	0
0	0	0	0	0	0	22	26	0	0	0	0	0	0	0	0
0	0	0	0	0	0	22	26	0	0	0	0	0	0	0	0
0	0	0	0	0	0	22	31	1	0	0	0	0	0	0	0
0	0	0	0	0	0	22	36	1	0	0	0	0	0	0	0
0	0	0	0	0	0	22	40	1	0	0	0	0	0	0	0
0	0	0	0	0	0	22	44	1	0	0	0	0	0	0	0
0	0	0	0	0	0	22	29	1	0	0	0	0	0	0	0
0	0	0	0	0	0	22	23	0	0	0	0	0	0	0	0
0	0	0	0	0	0	22	11	0	0	0	0	0	0	0	0
0	0	0	0	0	0	22	16	0	0	0	0	0	0	0	0
0	0	0	0	0	0	22	28	0	0	0	0	0	0	0	0
0	0	0	0	0	0	22	28	0	0	0	0	0	0	0	0
0	0	0	0	0	0	22	28	0	0	0	0	0	0	0	0
0	0	0	0	0	0	22	28	0	0	0	0	0	0	0	0
0	0	0	0	0	0	22	28	0	0	0	0	0	0	0	0
0	0	0	0	0	0	22	28	0	0	0	0	0	0	0	0
0	0	0	0	0	0	22	28	0	0	0	0	0	0	0	0
0	0	0	0	0	0	22	28	0	0	0	0	0	0	0	0
0	0	0	0	0	0	22	28	0	0	0	0	0	0	0	0
0	0	0	0	0	0	22	28	0	0	0	0	0	0	0	0
0	0	0	0	0	0	22	28	0	0	0	0	0	0	0	0
0	0	0	0	0	0	22	28	0	0	0	0	0	0	0	0
0	0	0	0	0	0	22	28	1	0	0	0	0	0	0	0
0	0	0	0	0	0	22	28	1	0	0	0	0	0	0	0
0	0	0	0	0	0	22	28	1	0	0	0	0	0	0	0
0	0	0	0	0	0	22	28	1	0	0	0	0	0	0	0
0	0	0	0	0	0	22	28	1	0	0	0	0	0	0	0
0	0	0	0	0	0	22	26	1	0	0	0	0	0	0	0
0	0	0	0	0	0	22	27	1	0	0	0	0	0	0	0
0	0	0	0	0	0	22	27	1	0	0	0	0	0	0	0
0	0	0	0	0	0	22	28	1	0	0	0	0	0	0	0
0	0	0	0	0	0	22	28	1	0	0	0	0	0	0	0
0	0	0	0	0	0	22	28	1	0	0	0	0	0	0	0
0	0	0	0	0	0	22	26	1	0	0	0	0	0	0	0
0	0	0	0	0	0	22	27	1	0	0	0	0	0	0	0
0	0	0	0	0	0	22	26	1	0	0	0	0	0	0	0
0	0	0	0	0	0	22	27	1	0	0	0	0	0	0	0
0	0	0	0	0	0	22	28	1	0	0	0	0	0	0	0
0	0	0	0	0	0	22	26	1	0	0	0	0	0	0	0
0	0	0	0	0	0	22	28	1	0	0	0	0	0	0	0
0	0	0	0	0	0	22	28	1	0	0	0	0	0	0	0
0	0	0	0	0	0	22	31	1	0	0	0	0	0	0	0
0	0	0	0	0	0	22	36	1	0	0	0	0	0	0	0
0	0	0	0	0	0	22	41	1	0	0	0	0	0	0	0
0	0	0	0	0	0	22	38	1	0	0	0	0	0	0	0
0	0	0	0	0	0	22	33	1	0	0	0	0	0	0	0
0	0	0	0	0	0	22	18	0	0	0	0	0	0	0	0
0	0	0	0	0	0	22	20	0	0	0	0	0	0	0	0
0	0	0	0	0	0	22	22	0	0	0	0	0	0	0	0
0	0	0	0	0	0	22	24	0	0	0	0	0	0	0	0
0	0	0	0	0	0	17	24	0	0	0	0	0	0	0	0
0	0	0	0	0	0	17	23	0	0	0	0	0	0	0	0
0	0	0	0	0	0	22	28	1	0	0	0	0	0	0	0
0	0	0	0	0	0	23	44	1	0	0	0	0	0	0	0
0	0	0	0	0	0	23	37	1	0	0	0	0	0	0	0
0	0	0	0	0	0	23	20	0	0	0	0	0	0	0	0
0	0	0	0	0	0	22	20	0	0	0	0	0	0	0	0
0	0	0	0	0	0	22	23	0	0	0	0	0	0	0	0
0	0	0	0	0	0	22	26	0	0	0	0	0	0	0	0
0	0	0	0	0	0	22	28	0	0	0	0	0	0	0	0
0	0	0	0	0	0	22	28	0	0	0	0	0	0	0	0
0	0	0	0	0	0	21	27	0	0	0	0	0	0	0	0
0	0	0	0	0	0	16	29	0	0	0	0	0	0	0	0
0	0	0	0	0	0	19	33	1	0	0	0	0	0	0	0
0	0	0	0	0	0	22	28	1	0	0	0	0	0	0	0
0	0	0	0	0	0	22	28	0	0	0	0	0	0	0	0
0	0	0	0	0	0	21	24	0	0	0	0	0	0	0	0
0	0	0	0	0	0	21	25	0	0	0	0	0	0	0	0
0	0	0	0	0	0	22	28	0	0	0	0	0	0	0	0
0	0	0	0	0	0	22	28	1	0	0	0	0	0	0	0
0	0	0	0	0	0	22	42	1	0	0	0	0	0	0	0
0	0	0	0	0	0	22	39	1	0	0	0	0	0	0	0
0	0	0	0	0	0	22	30	1	0	0	0	0	0	0	0
0	0	0	0	0	0	22	25	0	0	0	0	0	0	0	0
0	0	0	0	0	0	22	16	0	0	0	0	0	0	0	0
0	0	0	0	0	0	22	23	0	0	0	0	0	0	0	0
0	0	0	0	0	0	22	28	0	0	0	0	0	0	0	0
0	0	0	0	0	0	22	30	1	0	0	0	0	0	0	0
0	0	0	0	0	0	22	43	1	0	0	0	0	0	0	0
0	0	0	0	0	0	22	32	1	0	0	0	0	0	0	0
0	0	0	0	0	0	22	31	1	0	0	0	0	0	0	0
0	0	0	0	0	0	22	16	0	0	0	0	0	0	0	0
0	0	0	0	0	0	15	13	0	0	0	0	0	0	0	0
0	0	0	0	0	0	9	28	0	0	0	0	0	0	0	0
0	0	0	0	0	0	18	27	0	0	0	0	0	0	0	0
0	0	0	0	0	0	22	28	1	0	0	0	0	0	0	0
0	0	0	0	0	0	22	30	0	0	0	0	0	0	0	0
0	0	0	0	0	0	21	31	0	0	0	0	0	0	0	0
0	0	0	0	0	0	21	26	0	0	0	0	0	0	0	0
0	0	0	0	0	0	20	23	0	0	0	0	0	0	0	0
0	0	0	0	0	0	22	26	0	0	0	0	0	0	0	0
0	0	0	0	0	0	22	32	1	0	0	0	0	0	0	0
0	0	0	0	0	0	23	49	1	0	0	0	0	0	0	0
0	0	0	0	0	0	23	20	0	0	0	0	0	0	0	0
0	0	0	0	0	0	24	8	0	0	0	0	0	0	0	0
0	0	0	0	0	0	22	23	0	0	0	0	0	0	0	0
0	0	0	0	0	0	22	27	0	0	0	0	0	0	0	0
0	0	0	0	0	0	22	38	1	0	0	0	0	0	0	0
0	0	0	0	0	0	22	38	1	0	0	0	0	0	0	0
0	0	0	0	0	0	22	34	1	0	0	0	0	0	0	0
0	0	0	0	0	0	22	28	0	0	0	0	0	0	0	0
0	0	0	0	0	0	22	24	0	0	0	0	0	0	0	0
0	0	0	0	0	0	22	24	0	0	0	0	0	0	0	0
0	0	0	0	0	0	23	24	0	0	0	0	0	0	0	0
0	0	0	0	0	0	22	25	0	0	0	0	0	0	0	0
0	0	0	0	0	0	22	27	0	0	0	0	0	0	0	0
0	0	0	0	0	0	22	28	0	0	0	0	0	0	0	0
0	0	0	0	0	0	23	21	0	0	0	0	0	0	0	0
0	0	0	0	0	0	23	24	0	0	0	0	0	0	0	0
0	0	0	0	0	0	22	27	0	0	0	0	0	0	0	0
0	0	0	0	0	0	22	29	1	0	0	0	0	0	0	0
0	0	0	0	0	0	22	28	0	0	0	0	0	0	0	0
0	0	0	0	0	0	22	29	0	0	0	0	0	0	0	0
0	0	0	0	0	0	22	28	0	0	0	0	0	0	0	0
0	0	0	0	0	0	22	28	0	0	0	0	0	0	0	0
0	0	0	0	0	0	22	36	1	0	0	0	0	0	0	0
0	0	0	0	0	0	22	38	1	0	0	0	0	0	0	0
0	0	0	0	0	0	22	29	1	0	0	0	0	0	0	0
0	0	0	0	0	0	22	24	0	0	0	0	0	0	0	0
0	0	0	0	0	0	22	19	0	0	0	0	0	0	0	0
0	0	0	0	0	0	22	27	0	0	0	0	0	0	0	0
0	0	0	0	0	0	22	27	0	0	0	0	0	0	0	0
0	0	0	0	0	0	24	25	0	0	0	0	0	0	0	0
0	0	0	0	0	0	28	30	0	0	0	0	0	0	0	0
0	0	0	0	0	0	23	28	1	0	0	0	0	0	0	0
0	0	0	0	0	0	22	28	1	0	0	0	0	0	0	0
0	0	0	0	0	0	22	28	0	0	0	0	0	0	0	0
0	0	0	0	0	0	22	28	0	0	0	0	0	0	0	0
0	0	0	0	0	0	22	27	0	0	0	0	0	0	0	0
0	0	0	0	0	0	22	26	0	0	0	0	0	0	0	0
0	0	0	0	0	0	22	27	0	0	0	0	0	0	0	0
0	0	0	0	0	0	22	30	1	0	0	0	0	0	0	0
0	0	0	0	0	0	22	39	1	0	0	0	0	0	0	0
0	0	0	0	0	0	22	38	1	0	0	0	0	0	0	0
0	0	0	0	0	0	22	26	0	0	0	0	0	0	0	0
0	0	0	0	0	0	24	19	0	0	0	0	0	0	0	0
0	0	0	0	0	0	23	26	0	0	0	0	0	0	0	0
0	0	0	0	0	0	22	25	0	0	0	0	0	0	0	0
0	0	0	0	0	0	23	24	0	0	0	0	0	0	0	0
0	0	0	0	0	0	22	26	0	0	0	0	0	0	0	0
0	0	0	0	0	0	22	27	0	0	0	0	0	0	0	0
0	0	0	0	0	0	22	30	0	0	0	0	0	0	0	0
0	0	0	0	0	0	21	35	0	0	0	0	0	0	0	0
0	0	0	0	0	0	22	32	0	0	0	0	0	0	0	0
0	0	0	0	0	0	22	28	0	0	0	0	0	0	0	0
0	0	0	0	0	0	22	28	0	0	0	0	0	0	0	0
0	0	0	0	0	0	22	28	0	0	0	0	0	0	0	0
0	0	0	0	0	0	22	31	0	0	0	0	0	0	0	0
0	0	0	0	0	0	22	30	0	0	0	0	0	0	0	0
0	0	0	0	0	0	22	28	0	0	0	0	0	0	0	0
0	0	0	0	0	0	22	28	0	0	0	0	0	0	0	0
0	0	0	0	0	0	22	28	0	0	0	0	0	0	0	0
0	0	0	0	0	0	22	28	0	0	0	0	0	0	0	0
0	0	0	0	0	0	22	28	0	0	0	0	0	0	0	0
0	0	0	0	0	0	22	32	0	0	0	0	0	0	0	0
0	0	0	0	0	0	22	32	0	0	0	0	0	0	0	0
0	0	0	0	0	0	22	28	0	0	0	0	0	0	0	0
0	0	0	0	0	0	22	29	0	0	0	0	0	0	0	0
0	0	0	0	0	0	22	28	0	0	0	0	0	0	0	0
0	0	0	0	0	0	22	28	0	0	0	0	0	0	0	0
0	0	0	0	0	0	23	26	0	0	0	0	0	0	0	0
0	0	0	0	0	0	22	22	0	0	0	0	0	0	0	0
0	0	0	0	0	0	22	27	0	0	0	0	0	0	0	0
0	0	0	0	0	0	22	27	1	0	0	0	0	0	0	0
0	0	0	0	0	0	22	26	1	0	0	0	0	0	0	0
0	0	0	0	0	0	22	27	1	0	0	0	0	0	0	0
0	0	0	0	0	0	22	25	0	0	0	0	0	0	0	0
0	0	0	0	0	0	22	26	0	0	0	0	0	0	0	0
0	0	0	0	0	0	22	28	0	0	0	0	0	0	0	0
0	0	0	0	0	0	22	29	1	0	0	0	0	0	0	0
0	0	0	0	0	0	22	40	1	0	0	0	0	0	0	0
0	0	0	0	0	0	22	41	1	0	0	0	0	0	0	0
0	0	0	0	0	0	22	26	1	0	0	0	0	0	0	0
0	0	0	0	0	0	20	19	0	0	0	0	0	0	0	0
0	0	0	0	0	0	19	21	0	0	0	0	0	0	0	0
0	0	0	0	0	0	21	26	0	0	0	0	0	0	0	0
0	0	0	0	0	0	22	28	0	0	0	0	0	0	0	0
0	0	0	0	0	0	22	26	0	0	0	0	0	0	0	0
0	0	0	0	0	0	24	23	0	0	0	0	0	0	0	0
0	0	0	0	0	0	22	26	0	0	0	0	0	0	0	0
0	0	0	0	0	0	22	28	1	0	0	0	0	0	0	0
0	0	0	0	0	0	22	34	1	0	0	0	0	0	0	0
0	0	0	0	0	0	22	38	1	0	0	0	0	0	0	0
0	0	0	0	0	0	22	29	1	0	0	0	0	0	0	0
0	0	0	0	0	0	22	28	0	0	0	0	0	0	0	0
0	0	0	0	0	0	22	21	0	0	0	0	0	0	0	0
0	0	0	0	0	0	22	24	0	0	0	0	0	0	0	0
0	0	0	0	0	0	22	27	0	0	0	0	0	0	0	0
0	0	0	0	0	0	22	27	0	0	0	0	0	0	0	0
0	0	0	0	0	0	23	26	0	0	0	0	0	0	0	0
0	0	0	0	0	0	29	28	0	0	0	0	0	0	0	0
0	0	0	0	0	0	23	28	1	0	0	0	0	0	0	0
0	0	0	0	0	0	22	33	1	0	0	0	0	0	0	0
0	0	0	0	0	0	22	28	0	0	0	0	0	0	0	0
0	0	0	0	0	0	22	27	0	0	0	0	0	0	0	0
0	0	0	0	0	0	22	27	0	0	0	0	0	0	0	0
0	0	0	0	0	0	22	27	0	0	0	0	0	0	0	0
0	0	0	0	0	0	23	27	0	0	0	0	0	0	0	0
0	0	0	0	0	0	29	28	0	0	0	0	0	0	0	0
0	0	0	0	0	0	23	27	1	0	0	0	0	0	0	0
0	0	0	0	0	0	22	29	1	0	0	0	0	0	0	0
0	0	0	0	0	0	20	28	0	0	0	0	0	0	0	0
0	0	0	0	0	0	22	26	0	0	0	0	0	0	0	0
0	0	0	0	0	0	22	26	0	0	0	0	0	0	0	0
0	0	0	0	0	0	22	28	0	0	0	0	0	0	0	0
0	0	0	0	0	0	22	28	1	0	0	0	0	0	0	0
0	0	0	0	0	0	22	43	1	0	0	0	0	0	0	0
0	0	0	0	0	0	22	30	1	0	0	0	0	0	0	0
0	0	0	0	0	0	22	27	0	0	0	0	0	0	0	0
0	0	0	0	0	0	22	24	0	0	0	0	0	0	0	0
0	0	0	0	0	0	22	23	0	0	0	0	0	0	0	0
0	0	0	0	0	0	22	28	0	0	0	0	0	0	0	0
0	0	0	0	0	0	22	28	0	0	0	0	0	0	0	0
0	0	0	0	0	0	22	28	1	0	0	0	0	0	0	0
0	0	0	0	0	0	22	32	1	0	0	0	0	0	0	0
0	0	0	0	0	0	22	32	1	0	0	0	0	0	0	0
0	0	0	0	0	0	25	27	0	0	0	0	0	0	0	0
0	0	0	0	0	0	28	28	0	0	0	0	0	0	0	0
0	0	0	0	0	0	22	28	0	0	0	0	0	0	0	0
0	0	0	0	0	0	22	28	0	0	0	0	0	0	0	0
0	0	0	0	0	0	21	24	0	0	0	0	0	0	0	0
0	0	0	0	0	0	21	22	0	0	0	0	0	0	0	0
0	0	0	0	0	0	22	27	0	0	0	0	0	0	0	0
0	0	0	0	0	0	22	29	1	0	0	0	0	0	0	0
0	0	0	0	0	0	22	31	1	0	0	0	0	0	0	0
0	0	0	0	0	0	22	37	1	0	0	0	0	0	0	0
0	0	0	0	0	0	22	28	0	0	0	0	0	0	0	0
0	0	0	0	0	0	22	27	0	0	0	0	0	0	0	0
0	0	0	0	0	0	22	25	0	0	0	0	0	0	0	0
0	0	0	0	0	0	25	23	0	0	0	0	0	0	0	0
0	0	0	0	0	0	23	27	0	0	0	0	0	0	0	0
0	0	0	0	0	0	23	28	0	0	0	0	0	0	0	0
0	0	0	0	0	0	22	28	0	0	0	0	0	0	0	0
0	0	0	0	0	0	23	27	0	0	0	0	0	0	0	0
0	0	0	0	0	0	22	28	1	0	0	0	0	0	0	0
0	0	0	0	0	0	22	39	1	0	0	0	0	0	0	0
0	0	0	0	0	0	22	31	1	0	0	0	0	0	0	0
0	0	0	0	0	0	22	24	0	0	0	0	0	0	0	0
0	0	0	0	0	0	22	22	0	0	0	0	0	0	0	0
0	0	0	0	0	0	22	22	0	0	0	0	0	0	0	0
0	0	0	0	0	0	22	28	0	0	0	0	0	0	0	0
0	0	0	0	0	0	22	36	1	0	0	0	0	0	0	0
0	0	0	0	0	0	21	40	1	0	0	0	0	0	0	0
0	0	0	0	0	0	16	20	0	0	0	0	0	0	0	0
0	0	0	0	0	0	18	18	0	0	0	0	0	0	0	0
0	0	0	0	0	0	22	27	0	0	0	0	0	0	0	0
0	0	0	0	0	0	21	24	0	0	0	0	0	0	0	0
0	0	0	0	0	0	21	24	0	0	0	0	0	0	0	0
0	0	0	0	0	0	22	28	1	0	0	0	0	0	0	0
0	0	0	0	0	0	22	28	1	0	0	0	0	0	0	0
0	0	0	0	0	0	25	31	0	0	0	0	0	0	0	0
0	0	0	0	0	0	30	28	0	0	0	0	0	0	0	0
0	0	0	0	0	0	28	28	0	0	0	0	0	0	0	0
0	0	0	0	0	0	22	28	0	0	0	0	0	0	0	0
0	0	0	0	0	0	22	28	0	0	0	0	0	0	0	0
0	0	0	0	0	0	22	29	0	0	0	0	0	0	0	0
0	0	0	0	0	0	22	28	0	0	0	0	0	0	0	0
0	0	0	0	0	0	23	26	0	0	0	0	0	0	0	0
0	0	0	0	0	0	22	28	0	0	0	0	0	0	0	0
0	0	0	0	0	0	22	32	1	0	0	0	0	0	0	0
0	0	0	0	0	0	22	39	1	0	0	0	0	0	0	0
0	0	0	0	0	0	22	29	1	0	0	0	0	0	0	0
0	0	0	0	0	0	22	29	0	0	0	0	0	0	0	0
0	0	0	0	0	0	22	28	0	0	0	0	0	0	0	0
0	0	0	0	0	0	22	22	0	0	0	0	0	0	0	0
0	0	0	0	0	0	22	24	0	0	0	0	0	0	0	0
0	0	0	0	0	0	22	27	0	0	0	0	0	0	0	0
0	0	0	0	0	0	22	30	1	0	0	0	0	0	0	0
0	0	0	0	0	0	22	38	1	0	0	0	0	0	0	0
0	0	0	0	0	0	22	38	1	0	0	0	0	0	0	0
0	0	0	0	0	0	22	32	1	0	0	0	0	0	0	0
0	0	0	0	0	0	23	21	0	0	0	0	0	0	0	0
0	0	0	0	0	0	22	28	0	0	0	0	0	0	0	0
0	0	0	0	0	0	22	28	0	0	0	0	0	0	0	0
0	0	0	0	0	0	28	33	0	0	0	0	0	0	0	0
0	0	0	0	0	0	31	15	0	0	0	0	0	0	0	0
0	0	0	0	0	0	23	26	0	0	0	0	0	0	0	0
0	0	0	0	0	0	23	29	0	0	0	0	0	0	0	0
0	0	0	0	0	0	23	31	0	0	0	0	0	0	0	0
0	0	0	0	0	0	23	27	0	0	0	0	0	0	0	0
0	0	0	0	0	0	23	28	0	0	0	0	0	0	0	0
0	0	0	0	0	0	22	28	0	0	0	0	0	0	0	0
0	0	0	0	0	0	22	28	1	0	0	0	0	0	0	0
0	0	0	0	0	0	22	30	0	0	0	0	0	0	0	0
0	0	0	0	0	0	19	24	0	0	0	0	0	0	0	0
0	0	0	0	0	0	21	24	0	0	0	0	0	0	0	0
0	0	0	0	0	0	22	28	0	0	0	0	0	0	0	0
0	0	0	0	0	0	22	26	0	0	0	0	0	0	0	0
0	0	0	0	0	0	22	27	0	0	0	0	0	0	0	0
0	0	0	0	0	0	22	28	0	0	0	0	0	0	0	0
0	0	0	0	0	0	22	28	0	0	0	0	0	0	0	0
0	0	0	0	0	0	22	28	0	0	0	0	0	0	0	0
0	0	0	0	0	0	22	28	0	0	0	0	0	0	0	0
0	0	0	0	0	0	22	28	0	0	0	0	0	0	0	0
0	0	0	0	0	0	22	28	0	0	0	0	0	0	0	0
0	0	0	0	0	0	22	28	0	0	0	0	0	0	0	0
0	0	0	0	0	0	22	28	0	0	0	0	0	0	0	0
0	0	0	0	0	0	22	28	0	0	0	0	0	0	0	0
0	0	0	0	0	0	22	28	0	0	0	0	0	0	0	0
0	0	0	0	0	0	22	28	0	0	0	0	0	0	0	0
0	0	0	0	0	0	22	28	0	0	0	0	0	0	0	0
0	0	0	0	0	0	22	28	0	0	0	0	0	0	0	0
0	0	0	0	0	0	22	28	0	0	0	0	0	0	0	0
0	0	0	0	0	0	22	28	0	0	0	0	0	0	0	0
0	0	0	0	0	0	22	27	0	0	0	0	0	0	0	0
0	0	0	0	0	0	22	23	0	0	0	0	0	0	0	0
0	0	0	0	0	0	22	28	1	0	0	0	0	0	0	0
0	0	0	0	0	0	22	28	1	0	0	0	0	0	0	0
0	0	0	0	0	0	22	28	1	0	0	0	0	0	0	0
0	0	0	0	0	0	22	28	1	0	0	0	0	0	0	0
0	0	0	0	0	0	22	28	1	0	0	0	0	0	0	0
0	0	0	0	0	0	22	28	1	0	0	0	0	0	0	0
0	0	0	0	0	0	22	28	1	0	0	0	0	0	0	0
0	0	0	0	0	0	22	28	1	0	0	0	0	0	0	0
0	0	0	0	0	0	22	28	1	0	0	0	0	0	0	0
0	0	0	0	0	0	22	29	1	0	0	0	0	0	0	0
0	0	0	0	0	0	22	31	1	0	0	0	0	0	0	0
0	0	0	0	0	0	22	34	1	0	0	0	0	0	0	0
0	0	0	0	0	0	22	31	1	0	0	0	0	0	0	0
0	0	0	0	0	0	22	33	1	0	0	0	0	0	0	0
0	0	0	0	0	0	21	41	1	0	0	0	0	0	0	0
0	0	0	0	0	0	20	22	0	0	0	0	0	0	0	0
0	0	0	0	0	0	21	15	0	0	0	0	0	0	0	0
0	0	0	0	0	0	22	26	0	0	0	0	0	0	0	0
0	0	0	0	0	0	23	22	0	0	0	0	0	0	0	0
0	0	0	0	0	0	22	27	0	0	0	0	0	0	0	0
0	0	0	0	0	0	22	25	0	0	0	0	0	0	0	0
0	0	0	0	0	0	22	28	1	0	0	0	0	0	0	0
0	0	0	0	0	0	22	39	1	0	0	0	0	0	0	0
0	0	0	0	0	0	22	38	1	0	0	0	0	0	0	0
0	0	0	0	0	0	22	32	1	0	0	0	0	0	0	0
0	0	0	0	0	0	23	23	0	0	0	0	0	0	0	0
0	0	0	0	0	0	22	28	0	0	0	0	0	0	0	0
0	0	0	0	0	0	22	28	0	0	0	0	0	0	0	0
0	0	0	0	0	0	22	23	0	0	0	0	0	0	0	0
0	0	0	0	0	0	22	20	0	0	0	0	0	0	0	0
0	0	0	0	0	0	22	23	0	0	0	0	0	0	0	0
0	0	0	0	0	0	22	28	1	0	0	0	0	0	0	0
0	0	0	0	0	0	22	40	1	0	0	0	0	0	0	0
0	0	0	0	0	0	22	35	1	0	0	0	0	0	0	0
0	0	0	0	0	0	22	32	1	0	0	0	0	0	0	0
0	0	0	0	0	0	24	37	0	0	0	0	0	0	0	0
0	0	0	0	0	0	32	28	0	0	0	0	0	0	0	0
0	0	0	0	0	0	32	25	0	0	0	0	0	0	0	0
0	0	0	0	0	0	21	24	0	0	0	0	0	0	0	0
0	0	0	0	0	0	22	28	0	0	0	0	0	0	0	0
0	0	0	0	0	0	23	27	1	0	0	0	0	0	0	0
0	0	0	0	0	0	24	20	0	0	0	0	0	0	0	0
0	0	0	0	0	0	22	26	0	0	0	0	0	0	0	0
0	0	0	0	0	0	22	28	1	0	0	0	0	0	0	0
0	0	0	0	0	0	23	28	0	0	0	0	0	0	0	0
0	0	0	0	0	0	23	25	0	0	0	0	0	0	0	0
0	0	0	0	0	0	23	23	0	0	0	0	0	0	0	0
0	0	0	0	0	0	22	28	1	0	0	0	0	0	0	0
0	0	0	0	0	0	22	26	0	0	0	0	0	0	0	0
0	0	0	0	0	0	20	23	0	0	0	0	0	0	0	0
0	0	0	0	0	0	20	25	0	0	0	0	0	0	0	0
0	0	0	0	0	0	22	28	1	0	0	0	0	0	0	0
0	0	0	0	0	0	22	28	1	0	0	0	0	0	0	0
0	0	0	0	0	0	22	28	0	0	0	0	0	0	0	0
0	0	0	0	0	0	22	28	0	0	0	0	0	0	0	0
0	0	0	0	0	0	22	28	0	0	0	0	0	0	0	0
0	0	0	0	0	0	22	28	0	0	0	0	0	0	0	0
0	0	0	0	0	0	22	28	1	0	0	0	0	0	0	0
0	0	0	0	0	0	22	34	1	0	0	0	0	0	0	0
0	0	0	0	0	0	22	48	1	0	0	0	0	0	0	0
0	0	0	0	0	0	22	34	1	0	0	0	0	0	0	0
0	0	0	0	0	0	25	20	0	0	0	0	0	0	0	0
0	0	0	0	0	0	29	14	0	0	0	0	0	0	0	0
0	0	0	0	0	0	23	25	0	0	0	0	0	0	0	0
0	0	0	0	0	0	21	24	0	0	0	0	0	0	0	0
0	0	0	0	0	0	21	26	0	0	0	0	0	0	0	0
0	0	0	0	0	0	22	27	0	0	0	0	0	0	0	0
0	0	0	0	0	0	22	28	0	0	0	0	0	0	0	0
0	0	0	0	0	0	22	28	1	0	0	0	0	0	0	0
0	0	0	0	0	0	22	38	1	0	0	0	0	0	0	0
0	0	0	0	0	0	22	40	1	0	0	0	0	0	0	0
0	0	0	0	0	0	22	30	1	0	0	0	0	0	0	0
0	0	0	0	0	0	22	28	1	0	0	0	0	0	0	0
0	0	0	0	0	0	22	27	0	0	0	0	0	0	0	0
0	0	0	0	0	0	22	19	0	0	0	0	0	0	0	0
0	0	0	0	0	0	22	22	0	0	0	0	0	0	0	0
0	0	0	0	0	0	22	26	0	0	0	0	0	0	0	0
0	0	0	0	0	0	22	28	1	0	0	0	0	0	0	0
0	0	0	0	0	0	22	32	1	0	0	0	0	0	0	0
0	0	0	0	0	0	22	40	1	0	0	0	0	0	0	0
0	0	0	0	0	0	22	39	1	0	0	0	0	0	0	0
0	0	0	0	0	0	22	33	1	0	0	0	0	0	0	0
0	0	0	0	0	0	22	29	1	0	0	0	0	0	0	0
0	0	0	0	0	0	26	19	0	0	0	0	0	0	0	0
0	0	0	0	0	0	28	13	0	0	0	0	0	0	0	0
0	0	0	0	0	0	23	27	0	0	0	0	0	0	0	0
0	0	0	0	0	0	23	28	0	0	0	0	0	0	0	0
0	0	0	0	0	0	23	24	0	0	0	0	0	0	0	0
0	0	0	0	0	0	22	24	0	0	0	0	0	0	0	0
0	0	0	0	0	0	22	28	1	0	0	0	0	0	0	0
0	0	0	0	0	0	22	28	1	0	0	0	0	0	0	0
0	0	0	0	0	0	22	37	1	0	0	0	0	0	0	0
0	0	0	0	0	0	23	45	1	0	0	0	0	0	0	0
0	0	0	0	0	0	24	42	1	0	0	0	0	0	0	0
0	0	0	0	0	0	23	35	1	0	0	0	0	0	0	0
0	0	0	0	0	0	22	34	1	0	0	0	0	0	0	0
0	0	0	0	0	0	22	44	1	0	0	0	0	0	0	0
0	0	0	0	0	0	22	48	1	0	0	0	0	0	0	0
0	0	0	0	0	0	22	32	1	0	0	0	0	0	0	0
0	0	0	0	0	0	22	28	1	0	0	0	0	0	0	0
0	0	0	0	0	0	22	23	0	0	0	0	0	0	0	0
0	0	0	0	0	0	22	12	0	0	0	0	0	0	0	0
0	0	0	0	0	0	22	8	0	0	0	0	0	0	0	0
0	0	0	0	0	0	22	16	0	0	0	0	0	0	0	0
0	0	0	0	0	0	22	21	0	0	0	0	0	0	0	0